INSERT INTO user VALUES
('dimitris12','1',25,"Δημήτρης Αναστασίου","6983657812","Έλληνος Στρατιώτου 60","ΑΠ489215","Verified"),
('maria12345','2',26,"Μαρία Χατζή","6983600812","Αγίου Ανδρέου 60","ΣΕ890443","Verified"),
('nikos12345','3',27,"Νικος Παπαγεωργίου","6945624901","Κωνσταντινουπώλεως 5","ΔΓ389475",""),
('giwrgos1','4',28,"Γιώργος Παπαδόπουλος","6934345678","Κορίνθου 35","ΑΜ123456",""),
('stella2','5',40,"Στέλλα Αποστόλου","6998123476","Αράτου 5","ΑΚ339876","Verified"),
('panos8','6',30,"Παναγιώτης Σιδέρης","6954109876","Πανεπιστημίου 23","ΑΤ213245",""),
('vasiliki65','7',33,"Βασιλική Ανδρέου","6976548765","Ζαίμη 76","ΑΠ564578","Verified"),
('fotis345','8',25,"Φώτης Παπαγιάννης","6943567789","Κανακάρη 4","ΑT235455",""),
('eleni541','9',20,"Ελένη Γεωργίου","6998423132","Έλληνος Στρατιώτου 20","ΑΠ094153","Verified");

INSERT INTO owner VALUES
('maria23456','1',24,"Μαρία Αντωνοπούλου","6962500845","Ρήγα Φερραίου 12","ΑΡ356788","Verified","Parking"),
('kostas43','2',32,"Κώστας Παπανδρέου","6956123212","Κορίνθου 65","ΑΤ435678","","CarWash"),
('giorgos32','3',30,"Γιώργος Πέτρου","6932451122","Μαιζώνος 33","ΑΚ989877","Verified","Parking"),
('margarita555','4',23,"Μαργαρίτα Ζαφείρη","6991287766","Φωκαίας 22","ΑΜ223344","","CarWash"),
('dionysia23','5',24,"Διονυσία Καπώνη","6943657611","Σμύρνης 187","ΑΠ439000","Verified","Parking"),
('Vasilis33','6',25,"Βασίλης Φραγκούλης","6954009988","Πόντου 22","ΑΜ124355","","CarWash"),
('akis76','7',27,"Άκης Παύλου","6900983423","Πατρέως 12","ΑΤ654444","Verified","Parking"),
('kyriakos1','8',28,"Κυριάκος Καποτάς","6945567890","Κορίνθου 100","ΑΣ220987","Verified","CarWash"),
('petros34','9',23,"Πέτρος Ιωάννου","6956789999","Υψηλάντου 43","ΑΝ667788","","Parking"),
('ioannis123','10',28,"Ιωάννης Παππάς","6927965781","Κορίνθου 14","ΣΦ478063","","CarWash");



INSERT INTO Parking (name_parking, location_parking,phone_number,address, max_number_seat_parking, remaining_parking_spaces, parking_cost_per_hour,username_owner)
VALUES 
('Parking1', 'Αγίας Σοφίας',"6974251364","Έλληνος Στρατιώτου 40", 10, 8, 2,'maria23456'),
('Parking2', 'Αγίας Σοφίας',"6942514785","Κωνσταντινουπώλεως 2",  15, 12, 4,'giorgos32'),
('Parking3', 'Αγίας Σοφίας',"6983254786","Ζακύνθου 2",  20, 15, 3,'dionysia23'),

('Parking4', 'Άγιος Διονύσιος',"6963103786","Νόρμαν 2",  20, 15, 3,'akis76'),
('Parking5', 'Άγιος Διονύσιος',"6980125002","Άστιγγος 18",  20, 15, 3,'petros34');
INSERT INTO CarWash (name_carWash, location_carWash,phone_number,address, max_number_seat_carWash, remaining_carWash_spaces, carWash_cost_per_hour,username_owner)
VALUES 
('CarWash1', 'Αγίας Σοφίας',"6974251364","Έλληνος Στρατιώτου 40", 10, 8, 2,'kostas43'),
('CarWash2', 'Αγίας Σοφίας',"6942514785","Κωνσταντινουπώλεως 2",  15, 12, 4,'margarita555'),
('CarWash3', 'Αγίας Σοφίας',"6983254786","Ζακύνθου 2",  20, 15, 3,'Vasilis33'),

('CarWash4', 'Ψηλαλώνια ',"6942773385","Κωνσταντινουπώλεως 2",  15, 12, 4,'kyriakos1'),
('CarWash5', 'Ψηλαλώνια ',"6981125586","Ζακύνθου 2",  20, 15, 3,'ioannis123');

INSERT INTO ParkingReservations (name_parking, location_parking, reservation_date, reservation_time, username)
VALUES 
('Parking1', 'Αγίας Σοφίας', '2024-05-31', '10:00-11:00', 'maria12345'),
('Parking2', 'Αγίας Σοφίας', '2024-05-31', '12:00-13:00', 'giorgos32');

INSERT INTO CarWashReservations (name_carWash, location_carWash, reservation_date, reservation_time, username)
VALUES 
('CarWash1', 'Αγίας Σοφίας', '2024-05-31', '10:00-11:00', 'maria12345'),
('CarWash2', 'Αγίας Σοφίας', '2024-05-31', '12:00-13:00', 'giorgos32');


INSERT INTO StartingEndPoint VALUES
("Πάτρα","Πάτρα"),
("Αθήνα","Αθήνα"),
("Θεσσαλονίκη","Θεσσαλονίκη"),
("Κρήτη","Κρήτη"),
("Λαρισα","Λαρισα");


/*INSERT INTO CarPoolPassenger VALUES
("Πάτρα","Αθήνα"),
("Αθήνα","Πάτρα"),
("Πάτρα","Θεσσαλονίκη"),
("Θεσσαλονίκη","Πάτρα"),
("Πάτρα","Ηράκλειο Κρήτη"),
("Ηράκλειο Κρήτη","Πάτρα"),
("Πάτρα","Λαμία"),
("Λαμία","Πάτρα"),
("Πάτρα","Καλαμάτα"),
("Καλαμάτα","Πάτρα"),

("Πάτρα","Ιωάννινα"),
("Ιωάννινα","Πάτρα"),
("Πάτρα","Βόλος"),
("Βόλος","Πάτρα"),
("Πάτρα","Ναύπλιο"),
("Ναύπλιο","Πάτρα");*/

INSERT INTO CarPoolDriver (username_driver,years_driving,starting_point,final_destination, car_name, date_route, month_route, year_route, 
cost_route,comments,max_number_passenger, route_again)
VALUES
("dimitris12",10,"Πάτρα","Αθήνα","BMW M3",10,"JUN",2024,10,"Δεν επιτρέπεται το κάπνισμα και τα κατοικίδια",3,"ΝΑΙ"),
("maria12345",5,"Πάτρα","Αθήνα","Citroen C5",10,"JUN",2024,8,"Επιτρέπεται το κάπνισμα",2,"ΟΧΙ"),
("nikos12345",6,"Πάτρα","Αθήνα","Audi A4",10,"JUN",2024,8,"Δεν επιτρέπεται το κάπνισμα και τα κατοικίδια",3,"ΝΑΙ"),
("stella2",10,"Πάτρα","Αθήνα","Peugeot 2008",10,"JUN",2024,8,"Επιτρέπεται το κάπνισμα",1,"ΝΑΙ"),

("giwrgos1",23,"Πάτρα","Αθήνα","BMW Χ3",11,"JUN",2024,20,"Δεν επιτρέπεται το κάπνισμα και τα κατοικίδια",3,"ΝΑΙ"),
("panos8",5,"Πάτρα","Αθήνα","Citroen C6",11,"JUN",2024,14,"Επιτρέπεται το κάπνισμα",3,"ΟΧΙ"),
("vasiliki65",14,"Πάτρα","Αθήνα","Audi A7",11,"JUN",2024,12,"Δεν επιτρέπεται το κάπνισμα και τα κατοικίδια",3,"ΝΑΙ"),
("fotis345",20,"Πάτρα","Αθήνα","Ford Raptor",11,"JUN",2024,13,"Επιτρέπεται το κάπνισμα",4,"ΟΧΙ"),


("eleni541",14,"Πάτρα","Αθήνα","Tesla model X",12,"JUN",2024,10,"Δεν επιτρέπεται το κάπνισμα και τα κατοικίδια",3,"ΝΑΙ"),
("maria12345",8,"Πάτρα","Αθήνα","Citroen C4",12,"JUN",2024,12,"Επιτρέπεται το κάπνισμα",1,"ΟΧΙ"),
("nikos12345",10,"Πάτρα","Αθήνα","Mazda 2",12,"JUN",2024,10,"Δεν επιτρέπεται το κάπνισμα και τα κατοικίδια",2,"ΝΑΙ"),
("stella2",30,"Πάτρα","Αθήνα","Ford Focus",12,"JUN",2024,15,"Επιτρέπεται το κάπνισμα",3,"ΟΧΙ"),


("giwrgos1",22,"Πάτρα","Αθήνα","Tesla model 3",13,"JUN",2024,11,"Eπιτρέπεται το κάπνισμα και τα κατοικίδια",3,"ΝΑΙ"),
("panos8",5,"Πάτρα","Αθήνα","Citroen C2",13,"JUN",2024,8,"Επιτρέπεται το κάπνισμα",1,"ΟΧΙ"),
("vasiliki65",30,"Πάτρα","Αθήνα","Mazda 3",13,"JUN",2024,13,"Δεν επιτρέπεται το κάπνισμα και τα κατοικίδια",2,"ΝΑΙ"),
("fotis345",20,"Πάτρα","Αθήνα","Fiat Pundo",13,"JUN",2024,12,"Επιτρέπεται το κάπνισμα",2,"ΟΧΙ"),

("eleni541",16,"Πάτρα","Αθήνα","Tesla model y",14,"JUN",2024,15,"Eπιτρέπεται το κάπνισμα και τα κατοικίδια",3,"ΝΑΙ"),
("maria12345",6,"Πάτρα","Αθήνα","volkswagen golf",14,"JUN",2024,14,"Επιτρέπεται το κάπνισμα",3,"ΟΧΙ"),
("nikos12345",24,"Πάτρα","Αθήνα","suzuki swift",14,"JUN",2024,10,"Δεν επιτρέπεται το κάπνισμα και τα κατοικίδια",2,"ΝΑΙ"),
("stella2",5,"Πάτρα","Αθήνα","seat leon",14,"JUN",2024,9,"Επιτρέπεται το κάπνισμα",2,"ΟΧΙ"),


("giwrgos1",6,"Πάτρα","Αθήνα","Ford Fiesta",15,"JUN",2024,10,"Eπιτρέπεται το κάπνισμα και τα κατοικίδια",3,"ΝΑΙ"),
("panos8",9,"Πάτρα","Αθήνα","volkswagen polo",15,"JUN",2024,9,"Επιτρέπεται το κάπνισμα",2,"ΟΧΙ"),
("vasiliki65",24,"Πάτρα","Αθήνα","suzuki Jimny",15,"JUN",2024,14,"Δεν επιτρέπεται το κάπνισμα και τα κατοικίδια",1,"ΝΑΙ"),
("fotis345",8,"Πάτρα","Αθήνα","seat ibiza",15,"JUN",2024,13,"Επιτρέπεται το κάπνισμα",2,"ΟΧΙ"),


("eleni541",34,"Πάτρα","Αθήνα","BMW X6",16,"JUN",2024,20,"Eπιτρέπεται το κάπνισμα και τα κατοικίδια",3,"ΝΑΙ"),
("maria12345",12,"Πάτρα","Αθήνα","volkswagen golf",16,"JUN",2024,13,"Επιτρέπεται το κάπνισμα",2,"ΟΧΙ"),
("nikos12345",16,"Πάτρα","Αθήνα","Lancia Delta",16,"JUN",2024,12,"Δεν επιτρέπεται το κάπνισμα και τα κατοικίδια",3,"ΝΑΙ"),
("stella2",15,"Πάτρα","Αθήνα","seat leon",16,"JUN",2024,10,"Επιτρέπεται το κάπνισμα",3,"ΟΧΙ"),

("giwrgos1",10,"Πάτρα","Αθήνα","BMW M3",17,"JUN",2024,10,"Δεν επιτρέπεται το κάπνισμα και τα κατοικίδια",3,"ΝΑΙ"),
("panos8",5,"Πάτρα","Αθήνα","Citroen C5",17,"JUN",2024,8,"Επιτρέπεται το κάπνισμα",2,"ΟΧΙ"),
("vasiliki65",6,"Πάτρα","Αθήνα","Audi A4",17,"JUN",2024,8,"Δεν επιτρέπεται το κάπνισμα και τα κατοικίδια",3,"ΝΑΙ"),
("fotis345",9,"Πάτρα","Αθήνα","Ford Focus",17,"JUN",2024,8,"Επιτρέπεται το κάπνισμα",2,"ΟΧΙ"),


("eleni541",23,"Πάτρα","Αθήνα","BMW Χ3",18,"JUN",2024,20,"Δεν επιτρέπεται το κάπνισμα και τα κατοικίδια",3,"ΝΑΙ"),
("maria12345",5,"Πάτρα","Αθήνα","Citroen C6",18,"JUN",2024,14,"Επιτρέπεται το κάπνισμα",3,"ΟΧΙ"),
("nikos12345",14,"Πάτρα","Αθήνα","Audi A7",18,"JUN",2024,12,"Δεν επιτρέπεται το κάπνισμα και τα κατοικίδια",3,"ΝΑΙ"),
("stella2",20,"Πάτρα","Αθήνα","Ford Raptor",18,"JUN",2024,13,"Επιτρέπεται το κάπνισμα",4,"ΟΧΙ"),


("giwrgos1",14,"Πάτρα","Αθήνα","Tesla model X",19,"JUN",2024,10,"Δεν επιτρέπεται το κάπνισμα και τα κατοικίδια",3,"ΝΑΙ"),
("panos8",8,"Πάτρα","Αθήνα","Citroen C4",19,"JUN",2024,12,"Επιτρέπεται το κάπνισμα",1,"ΟΧΙ"),
("vasiliki65",10,"Πάτρα","Αθήνα","Mazda 2",19,"JUN",2024,10,"Δεν επιτρέπεται το κάπνισμα και τα κατοικίδια",2,"ΝΑΙ"),
("fotis345",30,"Πάτρα","Αθήνα","Ford Focus",19,"JUN",2024,15,"Επιτρέπεται το κάπνισμα",3,"ΟΧΙ"),



("eleni541",22,"Πάτρα","Αθήνα","Tesla model 3",20,"JUN",2024,11,"Eπιτρέπεται το κάπνισμα και τα κατοικίδια",3,"ΝΑΙ"),
("maria12345",5,"Πάτρα","Αθήνα","Citroen C2",20,"JUN",2024,8,"Επιτρέπεται το κάπνισμα",1,"ΟΧΙ"),
("nikos12345",30,"Πάτρα","Αθήνα","Mazda 3",20,"JUN",2024,13,"Δεν επιτρέπεται το κάπνισμα και τα κατοικίδια",2,"ΝΑΙ"),
("stella2",20,"Πάτρα","Αθήνα","Fiat Pundo",20,"JUN",2024,12,"Επιτρέπεται το κάπνισμα",2,"ΟΧΙ"),


("giwrgos1",16,"Πάτρα","Αθήνα","Tesla model y",21,"JUN",2024,15,"Eπιτρέπεται το κάπνισμα και τα κατοικίδια",3,"ΝΑΙ"),
("panos8",6,"Πάτρα","Αθήνα","volkswagen golf",21,"JUN",2024,14,"Επιτρέπεται το κάπνισμα",3,"ΟΧΙ"),
("vasiliki65",24,"Πάτρα","Αθήνα","suzuki swift",21,"JUN",2024,10,"Δεν επιτρέπεται το κάπνισμα και τα κατοικίδια",2,"ΝΑΙ"),
("fotis345",5,"Πάτρα","Αθήνα","seat leon",21,"JUN",2024,9,"Επιτρέπεται το κάπνισμα",2,"ΟΧΙ"),


("eleni541",6,"Πάτρα","Αθήνα","Ford Fiesta",22,"JUN",2024,10,"Eπιτρέπεται το κάπνισμα και τα κατοικίδια",3,"ΝΑΙ"),
("maria12345",9,"Πάτρα","Αθήνα","volkswagen polo",22,"JUN",2024,9,"Επιτρέπεται το κάπνισμα",2,"ΟΧΙ"),
("nikos12345",24,"Πάτρα","Αθήνα","suzuki Jimny",22,"JUN",2024,14,"Δεν επιτρέπεται το κάπνισμα και τα κατοικίδια",1,"ΝΑΙ"),
("stella2",8,"Πάτρα","Αθήνα","seat ibiza",22,"JUN",2024,13,"Επιτρέπεται το κάπνισμα",2,"ΟΧΙ"),


("giwrgos1",34,"Πάτρα","Αθήνα","BMW X6",23,"JUN",2024,20,"Eπιτρέπεται το κάπνισμα και τα κατοικίδια",3,"ΝΑΙ"),
("vasiliki65",12,"Πάτρα","Αθήνα","volkswagen golf",23,"JUN",2024,13,"Επιτρέπεται το κάπνισμα",2,"ΟΧΙ"),
("panos8",16,"Πάτρα","Αθήνα","Lancia Delta",23,"JUN",2024,12,"Δεν επιτρέπεται το κάπνισμα και τα κατοικίδια",3,"ΝΑΙ"),
("fotis345",15,"Πάτρα","Αθήνα","seat leon",23,"JUN",2024,10,"Επιτρέπεται το κάπνισμα",3,"ΟΧΙ"),




("eleni541",10,"Αθήνα","Πάτρα","BMW m5",10,"JUN",2024,8,"Επιτρέπεται το κάπνισμα αλλά όχι τα κατοικίδια",2,"ΝΑΙ"),
("maria12345",13,"Αθήνα","Πάτρα","Nissan qashqai",10,"JUN",2024,8,"Δεν επιτρέπεται το κάπνισμα και τα κατοικίδια",2,"ΟΧΙ"),
("nikos12345",15,"Αθήνα","Πάτρα","Audi A4",10,"JUN",2024,8,"Επιτρέπεται το κάπνισμα αλλά όχι τα κατοικίδια",3,"ΝΑΙ"),
("stella2",4,"Αθήνα","Πάτρα","Mercedes-Benz CLK",10,"JUN",2024,8,"Δεν επιτρέπεται το κάπνισμα και τα κατοικίδια",1,"ΟΧΙ"),


("giwrgos1",21,"Αθήνα","Πάτρα","BMW Χ5",11,"JUN",2024,14,"Επιτρέπεται το κάπνισμα αλλά όχι τα κατοικίδια",2,"ΝΑΙ"),
("vasiliki65",14,"Αθήνα","Πάτρα","Ford Focus",11,"JUN",2024,12,"Δεν επιτρέπεται το κάπνισμα και τα κατοικίδια",2,"ΟΧΙ"),
("panos8",15,"Αθήνα","Πάτρα","Audi Q7",11,"JUN",2024,20,"Επιτρέπεται το κάπνισμα αλλά όχι τα κατοικίδια",3,"ΝΑΙ"),
("fotis345",7,"Αθήνα","Πάτρα","Seat Ibiza",11,"JUN",2024,12,"Δεν επιτρέπεται το κάπνισμα ",3,"ΟΧΙ"),

("eleni541",9,"Αθήνα","Πάτρα","Nissan Almera",12,"JUN",2024,11,"Επιτρέπεται το κάπνισμα αλλά όχι τα κατοικίδια",2,"ΝΑΙ"),
("maria12345",5,"Αθήνα","Πάτρα","Ford Raptor",12,"JUN",2024,13,"Δεν επιτρέπεται το κάπνισμα και τα κατοικίδια",2,"ΟΧΙ"),
("nikos12345",15,"Αθήνα","Πάτρα","Audi A3",12,"JUN",2024,10,"Επιτρέπεται το κάπνισμα αλλά όχι τα κατοικίδια",3,"ΝΑΙ"),
("stella2",7,"Αθήνα","Πάτρα","Mercedes-Benz C-class",12,"JUN",2024,14,"Δεν επιτρέπεται το κάπνισμα και τα κατοικίδια",3,"ΟΧΙ"),


("giwrgos1",23,"Αθήνα","Πάτρα","Toyota Corolla",13,"JUN",2024,10,"Επιτρέπεται το κάπνισμα αλλά όχι τα κατοικίδια",2,"ΝΑΙ"),
("vasiliki65",7,"Αθήνα","Πάτρα","Ford Focus",13,"JUN",2024,12,"Δεν επιτρέπεται το κάπνισμα και τα κατοικίδια",2,"ΟΧΙ"),
("panos8",5,"Αθήνα","Πάτρα","Mazda 3",13,"JUN",2024,8,"Επιτρέπεται το κάπνισμα αλλά όχι τα κατοικίδια",3,"ΝΑΙ"),
("fotis345",17,"Αθήνα","Πάτρα","Bmw X1",13,"JUN",2024,17,"Δεν επιτρέπεται το κάπνισμα και τα κατοικίδια",3,"ΟΧΙ"),

("eleni541",3,"Αθήνα","Πάτρα","Toyota yaris",14,"JUN",2024,9,"Επιτρέπεται το κάπνισμα αλλά όχι τα κατοικίδια",2,"ΝΑΙ"),
("maria12345",27,"Αθήνα","Πάτρα","Ford Mondeo",14,"JUN",2024,11,"Δεν επιτρέπεται το κάπνισμα και τα κατοικίδια",2,"ΟΧΙ"),
("nikos12345",5,"Αθήνα","Πάτρα","Mazda 2",14,"JUN",2024,9,"Επιτρέπεται το κάπνισμα αλλά όχι τα κατοικίδια",2,"ΝΑΙ"),
("stella2",1,"Αθήνα","Πάτρα","Bmw X3",14,"JUN",2024,18,"Δεν επιτρέπεται το κάπνισμα και τα κατοικίδια",3,"ΟΧΙ"),


("giwrgos1",7,"Αθήνα","Πάτρα","Toyota corolla",15,"JUN",2024,13,"Επιτρέπεται το κάπνισμα αλλά όχι τα κατοικίδια",2,"ΝΑΙ"),
("vasiliki65",21,"Αθήνα","Πάτρα","Ford Fiesta",15,"JUN",2024,10,"Δεν επιτρέπεται το κάπνισμα και τα κατοικίδια",2,"ΟΧΙ"),
("panos8",9,"Αθήνα","Πάτρα","Nissan Qashqai",15,"JUN",2024,14,"Επιτρέπεται το κάπνισμα αλλά όχι τα κατοικίδια",2,"ΝΑΙ"),
("fotis345",15,"Αθήνα","Πάτρα","Bmw X6",15,"JUN",2024,18,"Δεν επιτρέπεται το κάπνισμα και τα κατοικίδια",3,"ΟΧΙ"),


("eleni541",14,"Αθήνα","Πάτρα","Toyota Aygo",16,"JUN",2024,12,"Επιτρέπεται το κάπνισμα αλλά όχι τα κατοικίδια",2,"ΝΑΙ"),
("maria12345",11,"Αθήνα","Πάτρα","Ford Focus",16,"JUN",2024,13,"Δεν επιτρέπεται το κάπνισμα και τα κατοικίδια",2,"ΟΧΙ"),
("nikos12345",10,"Αθήνα","Πάτρα","Nissan Almera",16,"JUN",2024,10,"Επιτρέπεται το κάπνισμα αλλά όχι τα κατοικίδια",2,"ΝΑΙ"),
("stella2",5,"Αθήνα","Πάτρα","Audi Q1",16,"JUN",2024,15,"Δεν επιτρέπεται το κάπνισμα και τα κατοικίδια",3,"ΟΧΙ"),



("giwrgos1",10,"Αθήνα","Πάτρα","BMW m5",17,"JUN",2024,8,"Επιτρέπεται το κάπνισμα αλλά όχι τα κατοικίδια",2,"ΝΑΙ"),
("vasiliki65",13,"Αθήνα","Πάτρα","Nissan qashqai",17,"JUN",2024,8,"Δεν επιτρέπεται το κάπνισμα και τα κατοικίδια",2,"ΟΧΙ"),
("panos8",15,"Αθήνα","Πάτρα","Audi A4",17,"JUN",2024,8,"Επιτρέπεται το κάπνισμα αλλά όχι τα κατοικίδια",3,"ΝΑΙ"),
("fotis345",4,"Αθήνα","Πάτρα","Mercedes-Benz CLK",17,"JUN",2024,8,"Δεν επιτρέπεται το κάπνισμα και τα κατοικίδια",1,"ΟΧΙ"),


("eleni541",21,"Αθήνα","Πάτρα","BMW Χ5",18,"JUN",2024,14,"Επιτρέπεται το κάπνισμα αλλά όχι τα κατοικίδια",2,"ΝΑΙ"),
("maria12345",14,"Αθήνα","Πάτρα","Ford Focus",18,"JUN",2024,12,"Δεν επιτρέπεται το κάπνισμα και τα κατοικίδια",2,"ΟΧΙ"),
("nikos12345",15,"Αθήνα","Πάτρα","Audi Q7",18,"JUN",2024,20,"Επιτρέπεται το κάπνισμα αλλά όχι τα κατοικίδια",3,"ΝΑΙ"),
("stella2",3,"Αθήνα","Πάτρα","Mercedes-Benz S-class",18,"JUN",2024,18,"Δεν επιτρέπεται το κάπνισμα και τα κατοικίδια",3,"ΟΧΙ"),

("giwrgos1",9,"Αθήνα","Πάτρα","Nissan Almera",19,"JUN",2024,11,"Επιτρέπεται το κάπνισμα αλλά όχι τα κατοικίδια",2,"ΝΑΙ"),
("vasiliki65",5,"Αθήνα","Πάτρα","Ford Raptor",19,"JUN",2024,13,"Δεν επιτρέπεται το κάπνισμα και τα κατοικίδια",2,"ΟΧΙ"),
("panos8",15,"Αθήνα","Πάτρα","Audi A3",19,"JUN",2024,10,"Επιτρέπεται το κάπνισμα αλλά όχι τα κατοικίδια",3,"ΝΑΙ"),
("fotis345",7,"Αθήνα","Πάτρα","Mercedes-Benz C-class",19,"JUN",2024,14,"Δεν επιτρέπεται το κάπνισμα και τα κατοικίδια",3,"ΟΧΙ"),


("eleni541",23,"Αθήνα","Πάτρα","Toyota Corolla",20,"JUN",2024,10,"Επιτρέπεται το κάπνισμα αλλά όχι τα κατοικίδια",2,"ΝΑΙ"),
("maria12345",7,"Αθήνα","Πάτρα","Ford Focus",20,"JUN",2024,12,"Δεν επιτρέπεται το κάπνισμα και τα κατοικίδια",2,"ΟΧΙ"),
("nikos12345",5,"Αθήνα","Πάτρα","Mazda 3",20,"JUN",2024,8,"Επιτρέπεται το κάπνισμα αλλά όχι τα κατοικίδια",3,"ΝΑΙ"),
("stella2",17,"Αθήνα","Πάτρα","Bmw X1",20,"JUN",2024,17,"Δεν επιτρέπεται το κάπνισμα και τα κατοικίδια",3,"ΟΧΙ"),


("giwrgos1",3,"Αθήνα","Πάτρα","Toyota yaris",21,"JUN",2024,9,"Επιτρέπεται το κάπνισμα αλλά όχι τα κατοικίδια",2,"ΝΑΙ"),
("vasiliki65",27,"Αθήνα","Πάτρα","Ford Mondeo",21,"JUN",2024,11,"Δεν επιτρέπεται το κάπνισμα και τα κατοικίδια",2,"ΟΧΙ"),
("panos8",5,"Αθήνα","Πάτρα","Mazda 2",21,"JUN",2024,9,"Επιτρέπεται το κάπνισμα αλλά όχι τα κατοικίδια",2,"ΝΑΙ"),
("fotis345",1,"Αθήνα","Πάτρα","Bmw X3",21,"JUN",2024,18,"Δεν επιτρέπεται το κάπνισμα και τα κατοικίδια",3,"ΟΧΙ"),


("eleni541",7,"Αθήνα","Πάτρα","Toyota corolla",22,"JUN",2024,13,"Επιτρέπεται το κάπνισμα αλλά όχι τα κατοικίδια",2,"ΝΑΙ"),
("maria12345",21,"Αθήνα","Πάτρα","Ford Fiesta",22,"JUN",2024,10,"Δεν επιτρέπεται το κάπνισμα και τα κατοικίδια",2,"ΟΧΙ"),
("nikos12345",9,"Αθήνα","Πάτρα","Nissan Qashqai",22,"JUN",2024,14,"Επιτρέπεται το κάπνισμα αλλά όχι τα κατοικίδια",2,"ΝΑΙ"),
("stella2",15,"Αθήνα","Πάτρα","Bmw X6",22,"JUN",2024,18,"Δεν επιτρέπεται το κάπνισμα και τα κατοικίδια",3,"ΟΧΙ"),


("giwrgos1",14,"Αθήνα","Πάτρα","Toyota Aygo",23,"JUN",2024,12,"Επιτρέπεται το κάπνισμα αλλά όχι τα κατοικίδια",2,"ΝΑΙ"),
("vasiliki65",11,"Αθήνα","Πάτρα","Ford Focus",23,"JUN",2024,13,"Δεν επιτρέπεται το κάπνισμα και τα κατοικίδια",2,"ΟΧΙ"),
("panos8",10,"Αθήνα","Πάτρα","Nissan Almera",23,"JUN",2024,10,"Επιτρέπεται το κάπνισμα αλλά όχι τα κατοικίδια",2,"ΝΑΙ"),
("fotis345",5,"Αθήνα","Πάτρα","Audi Q1",23,"JUN",2024,15,"Δεν επιτρέπεται το κάπνισμα και τα κατοικίδια",3,"ΟΧΙ"),



("eleni541",5,"Πάτρα","Θεσσαλονίκη","Nissan qashqai",10,"JUN",2024,30,"Επιτρέπεται η μουσική,τα κατοικίδια",3,"ΝΑΙ"),
("maria12345",20,"Πάτρα","Θεσσαλονίκη","Ford Focus",10,"JUN",2024,35,"Επιτρέπεται η μουσική",3,"ΟΧΙ"),
("nikos12345",10,"Πάτρα","Θεσσαλονίκη","Mazda 3",11,"JUN",2024,33,"Επιτρέπεται η μουσική και το κάπνισμα",3,"ΝΑΙ"),
("stella2",12,"Πάτρα","Θεσσαλονίκη","BMW X1",11,"JUN",2024,45,"Επιτρέπεται η μουσική",3,"ΟΧΙ"),

("giwrgos1",30,"Πάτρα","Θεσσαλονίκη","Honda civic",12,"JUN",2024,35,"Επιτρέπεται η μουσική και το κάπνισμα",2,"ΝΑΙ"),
("vasiliki65",14,"Πάτρα","Θεσσαλονίκη","Toyota yaris",12,"JUN",2024,30,"Δεν επιτρέπεται το κάπνισμα",2,"ΟΧΙ"),
("panos8",26,"Πάτρα","Θεσσαλονίκη","Tesla model s",13,"JUN",2024,30,"Επιτρέπεται η μουσική και το κάπνισμα",3,"ΝΑΙ"),
("fotis345",12,"Πάτρα","Θεσσαλονίκη","Toyota aygo",13,"JUN",2024,25,"Δεν επιτρέπεται το κάπνισμα",2,"ΟΧΙ"),

("eleni541",6,"Πάτρα","Θεσσαλονίκη","volkswagen golf",14,"JUN",2024,35,"Επιτρέπεται η μουσική και το κάπνισμα",3,"ΝΑΙ"),
("maria12345",12,"Πάτρα","Θεσσαλονίκη","Nissan juke",14,"JUN",2024,30,"Δεν επιτρέπεται το κάπνισμα",2,"ΟΧΙ"),
("nikos12345",20,"Πάτρα","Θεσσαλονίκη","volkswagen ID3",15,"JUN",2024,30,"Επιτρέπεται η μουσική και το κάπνισμα",3,"ΝΑΙ"),
("stella2",4,"Πάτρα","Θεσσαλονίκη","Nissan almera",15,"JUN",2024,34,"Δεν επιτρέπεται το κάπνισμα",2,"ΟΧΙ"),
("giwrgos1",30,"Πάτρα","Θεσσαλονίκη","Fiat Panda",16,"JUN",2024,33,"Επιτρέπεται η μουσική και το κάπνισμα",2,"ΝΑΙ"),
("vasiliki65",9,"Πάτρα","Θεσσαλονίκη","Audi Q7",16,"JUN",2024,44,"Δεν επιτρέπεται το κάπνισμα",4,"ΟΧΙ"),
("panos8",5,"Πάτρα","Θεσσαλονίκη","Nissan qashqai",17,"JUN",2024,30,"Επιτρέπεται η μουσική,τα κατοικίδια",3,"ΝΑΙ"),
("fotis345",20,"Πάτρα","Θεσσαλονίκη","Ford Focus",17,"JUN",2024,35,"Επιτρέπεται η μουσική",3,"ΟΧΙ"),

("eleni541",10,"Πάτρα","Θεσσαλονίκη","Mazda 3",18,"JUN",2024,33,"Επιτρέπεται η μουσική και το κάπνισμα",3,"ΝΑΙ"),
("maria12345",12,"Πάτρα","Θεσσαλονίκη","BMW X1",18,"JUN",2024,45,"Επιτρέπεται η μουσική",3,"ΟΧΙ"),
("nikos12345",30,"Πάτρα","Θεσσαλονίκη","Honda civic",19,"JUN",2024,35,"Επιτρέπεται η μουσική και το κάπνισμα",2,"ΝΑΙ"),
("stella2",14,"Πάτρα","Θεσσαλονίκη","Toyota yaris",19,"JUN",2024,30,"Δεν επιτρέπεται το κάπνισμα",2,"ΟΧΙ"),
("giwrgos1",26,"Πάτρα","Θεσσαλονίκη","Tesla model s",20,"JUN",2024,30,"Επιτρέπεται η μουσική και το κάπνισμα",3,"ΝΑΙ"),
("vasiliki65",12,"Πάτρα","Θεσσαλονίκη","Toyota aygo",20,"JUN",2024,25,"Δεν επιτρέπεται το κάπνισμα",2,"ΟΧΙ"),
("panos8",6,"Πάτρα","Θεσσαλονίκη","volkswagen golf",21,"JUN",2024,35,"Επιτρέπεται η μουσική και το κάπνισμα",3,"ΝΑΙ"),
("fotis345",12,"Πάτρα","Θεσσαλονίκη","Nissan juke",21,"JUN",2024,30,"Δεν επιτρέπεται το κάπνισμα",2,"ΟΧΙ"),
("eleni541",20,"Πάτρα","Θεσσαλονίκη","volkswagen ID3",22,"JUN",2024,30,"Επιτρέπεται η μουσική και το κάπνισμα",3,"ΝΑΙ"),
("maria12345",4,"Πάτρα","Θεσσαλονίκη","Nissan almera",22,"JUN",2024,34,"Δεν επιτρέπεται το κάπνισμα",2,"ΟΧΙ"),
("nikos12345",30,"Πάτρα","Θεσσαλονίκη","Fiat Panda",23,"JUN",2024,33,"Επιτρέπεται η μουσική και το κάπνισμα",2,"ΝΑΙ"),
("stella2",9,"Πάτρα","Θεσσαλονίκη","Audi Q7",23,"JUN",2024,44,"Δεν επιτρέπεται το κάπνισμα",4,"ΟΧΙ"),


("giwrgos1",10,"Θεσσαλονίκη","Πάτρα","BMW M2",10,"JUN",2024,39,"Επιτρέπεται το κάπνισμα",3,"ΝΑΙ"),
("vasiliki65",5,"Θεσσαλονίκη","Πάτρα","Toyota Corolla",10,"JUN",2024,30,"Επιτρέπεται το κάπνισμα",2,"ΝΑΙ"),
("panos8",20,"Θεσσαλονίκη","Πάτρα","Seat Leon",11,"JUN",2024,30,"Επιτρέπεται το κάπνισμα",2,"ΝΑΙ"),
("fotis345",2,"Θεσσαλονίκη","Πάτρα","Toyota yaris",11,"JUN",2024,32,"Δεν επιτρέπεται το κάπνισμα",2,"ΝΑΙ"),
("eleni541",13,"Θεσσαλονίκη","Πάτρα","Νissan Qashqai",12,"JUN",2024,35,"Επιτρέπεται το κάπνισμα",3,"ΝΑΙ"),
("maria12345",19,"Θεσσαλονίκη","Πάτρα","volkswagen T-Roc",12,"JUN",2024,30,"Δεν επιτρέπεται το κάπνισμα",2,"ΝΑΙ"),
("nikos12345",20,"Θεσσαλονίκη","Πάτρα","Hyundai i30",13,"JUN",2024,28,"Δεν επιτρέπεται το κάπνισμα",3,"ΝΑΙ"),
("stella2",18,"Θεσσαλονίκη","Πάτρα","Ford Focus",13,"JUN",2024,32,"Επιτρέπεται το κάπνισμα",2,"ΝΑΙ"),

("giwrgos1",10,"Θεσσαλονίκη","Πάτρα","volkswagen Golf",14,"JUN",2024,30,"Δεν επιτρέπεται το κάπνισμα",3,"ΝΑΙ"),
("vasiliki65",14,"Θεσσαλονίκη","Πάτρα","Ford Fiesta",14,"JUN",2024,35,"Επιτρέπεται το κάπνισμα",2,"ΝΑΙ"),
("panos8",40,"Θεσσαλονίκη","Πάτρα","BMW X1",15,"JUN",2024,40,"Δεν επιτρέπεται το κάπνισμα",3,"ΝΑΙ"),
("fotis345",13,"Θεσσαλονίκη","Πάτρα","Νissan Qashqai",15,"JUN",2024,30,"Επιτρέπεται το κάπνισμα",2,"ΝΑΙ"),
("eleni541",20,"Θεσσαλονίκη","Πάτρα","Hyundai i20",16,"JUN",2024,29,"Δεν επιτρέπεται το κάπνισμα",3,"ΝΑΙ"),
("maria12345",8,"Θεσσαλονίκη","Πάτρα","Toyota Corolla",16,"JUN",2024,35,"Επιτρέπεται το κάπνισμα",2,"ΝΑΙ"),

("nikos12345",10,"Θεσσαλονίκη","Πάτρα","BMW M2",17,"JUN",2024,39,"Επιτρέπεται το κάπνισμα",3,"ΝΑΙ"),
("stella2",5,"Θεσσαλονίκη","Πάτρα","Toyota Corolla",17,"JUN",2024,30,"Επιτρέπεται το κάπνισμα",2,"ΝΑΙ"),
("giwrgos1",20,"Θεσσαλονίκη","Πάτρα","Seat Leon",18,"JUN",2024,30,"Επιτρέπεται το κάπνισμα",2,"ΝΑΙ"),
("vasiliki65",2,"Θεσσαλονίκη","Πάτρα","Toyota yaris",18,"JUN",2024,32,"Δεν επιτρέπεται το κάπνισμα",2,"ΝΑΙ"),
("panos8",13,"Θεσσαλονίκη","Πάτρα","Νissan Qashqai",19,"JUN",2024,35,"Επιτρέπεται το κάπνισμα",3,"ΝΑΙ"),
("fotis345",19,"Θεσσαλονίκη","Πάτρα","volkswagen T-Roc",19,"JUN",2024,30,"Δεν επιτρέπεται το κάπνισμα",2,"ΝΑΙ"),
("eleni541",20,"Θεσσαλονίκη","Πάτρα","Hyundai i30",20,"JUN",2024,28,"Δεν επιτρέπεται το κάπνισμα",3,"ΝΑΙ"),
("maria12345",18,"Θεσσαλονίκη","Πάτρα","Ford Focus",20,"JUN",2024,32,"Επιτρέπεται το κάπνισμα",2,"ΝΑΙ"),
("nikos12345",10,"Θεσσαλονίκη","Πάτρα","volkswagen Golf",21,"JUN",2024,30,"Δεν επιτρέπεται το κάπνισμα",3,"ΝΑΙ"),
("stella2",14,"Θεσσαλονίκη","Πάτρα","Ford Fiesta",21,"JUN",2024,35,"Επιτρέπεται το κάπνισμα",2,"ΝΑΙ"),
("giwrgos1",40,"Θεσσαλονίκη","Πάτρα","BMW X1",22,"JUN",2024,40,"Δεν επιτρέπεται το κάπνισμα",3,"ΝΑΙ"),
("vasiliki65",13,"Θεσσαλονίκη","Πάτρα","Νissan Qashqai",22,"JUN",2024,30,"Επιτρέπεται το κάπνισμα",2,"ΝΑΙ"),
("panos8",20,"Θεσσαλονίκη","Πάτρα","Hyundai i20",23,"JUN",2024,29,"Δεν επιτρέπεται το κάπνισμα",3,"ΝΑΙ"),
("fotis345",8,"Θεσσαλονίκη","Πάτρα","Toyota Corolla",23,"JUN",2024,35,"Επιτρέπεται το κάπνισμα",2,"ΝΑΙ"),



("eleni541",20,"Πάτρα","Βόλος","Fiat Punto",10,"JUN",2024,20,"Δεν επιτρέπεται το κάπνισμα",2,"ΝΑΙ"),
("maria12345",10,"Πάτρα","Βόλος","Toyota Corolla",11,"JUN",2024,22,"Επιτρέπεται το κάπνισμα",3,"ΟΧΙ"),
("nikos12345",7,"Πάτρα","Βόλος","Hyundai i20",12,"JUN",2024,19,"Δεν επιτρέπεται το κάπνισμα",3,"ΝΑΙ"),
("stella2",6,"Πάτρα","Βόλος","Νissan Qashqai",13,"JUN",2024,23,"Επιτρέπεται το κάπνισμα",2,"ΟΧΙ"),
("giwrgos1",22,"Πάτρα","Βόλος","Toyota Yaris",14,"JUN",2024,20,"Δεν επιτρέπεται το κάπνισμα",3,"ΝΑΙ"),
("vasiliki65",3,"Πάτρα","Βόλος","Ford Focus",15,"JUN",2024,21,"Επιτρέπεται το κάπνισμα",1,"ΟΧΙ"),
("panos8",30,"Πάτρα","Βόλος","Mazda 3",16,"JUN",2024,18,"Δεν επιτρέπεται το κάπνισμα",3,"ΝΑΙ"),
("fotis345",20,"Πάτρα","Βόλος","Fiat Punto",17,"JUN",2024,20,"Δεν επιτρέπεται το κάπνισμα",2,"ΝΑΙ"),
("eleni541",10,"Πάτρα","Βόλος","Toyota Corolla",18,"JUN",2024,22,"Επιτρέπεται το κάπνισμα",3,"ΟΧΙ"),
("maria12345",7,"Πάτρα","Βόλος","Hyundai i20",19,"JUN",2024,19,"Δεν επιτρέπεται το κάπνισμα",3,"ΝΑΙ"),
("nikos12345",6,"Πάτρα","Βόλος","Νissan Qashqai",20,"JUN",2024,23,"Επιτρέπεται το κάπνισμα",2,"ΟΧΙ"),
("stella2",22,"Πάτρα","Βόλος","Toyota Yaris",21,"JUN",2024,20,"Δεν επιτρέπεται το κάπνισμα",3,"ΝΑΙ"),
("giwrgos1",3,"Πάτρα","Βόλος","Ford Focus",22,"JUN",2024,21,"Επιτρέπεται το κάπνισμα",1,"ΟΧΙ"),
("vasiliki65",30,"Πάτρα","Βόλος","Mazda 3",23,"JUN",2024,18,"Δεν επιτρέπεται το κάπνισμα",3,"ΝΑΙ"),

("panos8",10,"Βόλος","Πάτρα","Fiat Panda",10,"JUN",2024,20,"Δεν επιτρέπεται το κάπνισμα",2,"ΝΑΙ"),
("fotis345",17,"Πάτρα","Βόλος","Toyota Corolla",11,"JUN",2024,23,"Επιτρέπεται το κάπνισμα",3,"ΟΧΙ"),
("eleni541",22,"Πάτρα","Βόλος","Hyundai i30",12,"JUN",2024,20,"Δεν επιτρέπεται το κάπνισμα",3,"ΝΑΙ"),
("maria12345",16,"Πάτρα","Βόλος","Νissan juke",13,"JUN",2024,22,"Επιτρέπεται το κάπνισμα",2,"ΟΧΙ"),
("nikos12345",12,"Βόλος","Πάτρα","Seat Leon",14,"JUN",2024,23,"Δεν επιτρέπεται το κάπνισμα",3,"ΝΑΙ"),
("stella2",4,"Βόλος","Πάτρα","Ford Fiesta",15,"JUN",2024,20,"Επιτρέπεται το κάπνισμα",1,"ΟΧΙ"),
("giwrgos1",20,"Βόλος","Πάτρα","Mazda 2",16,"JUN",2024,18,"Δεν επιτρέπεται το κάπνισμα",3,"ΝΑΙ"),
("vasiliki65",34,"Βόλος","Πάτρα","Suzuki Jimny",17,"JUN",2024,18,"Δεν επιτρέπεται το κάπνισμα",2,"ΝΑΙ"),
("panos8",12,"Βόλος","Πάτρα","Toyota yaris",18,"JUN",2024,21,"Επιτρέπεται το κάπνισμα",3,"ΟΧΙ"),
("fotis345",18,"Βόλος","Πάτρα","Honda Civic",19,"JUN",2024,22,"Δεν επιτρέπεται το κάπνισμα",3,"ΝΑΙ"),
("maria12345",16,"Βόλος","Πάτρα","Νissan almera",20,"JUN",2024,20,"Επιτρέπεται το κάπνισμα",2,"ΟΧΙ"),
("nikos12345",2,"Βόλος","Πάτρα","Toyota Aygo",21,"JUN",2024,19,"Δεν επιτρέπεται το κάπνισμα",3,"ΝΑΙ"),
("stella2",6,"Βόλος","Πάτρα","Ford Focus",22,"JUN",2024,23,"Επιτρέπεται το κάπνισμα",1,"ΟΧΙ"),
("giwrgos1",10,"Βόλος","Πάτρα","Mazda mx5",23,"JUN",2024,25,"Δεν επιτρέπεται το κάπνισμα",1,"ΝΑΙ"),


("vasiliki65",7,"Πάτρα","Ναύπλιο","Citroen C3",10,"JUN",2024,15,"Επιτρέπεται το κάπνισμα",3,"ΟΧΙ"),
("panos8",13,"Πάτρα","Ναύπλιο","Seat Leon",11,"JUN",2024,16,"Επιτρέπεται το κάπνισμα",2,"ΟΧΙ"),
("fotis345",20,"Πάτρα","Ναύπλιο","Ford Fiesta",12,"JUN",2024,17,"Επιτρέπεται η μουσική,τα κατοικίδια",3,"ΟΧΙ"),
("maria12345",30,"Πάτρα","Ναύπλιο","Toyota yaris",13,"JUN",2024,14,"Επιτρέπεται το κάπνισμα",2,"ΟΧΙ"),
("nikos12345",12,"Πάτρα","Ναύπλιο","Hyundai i30",14,"JUN",2024,13,"Επιτρέπεται η μουσική,τα κατοικίδια",3,"ΟΧΙ"),
("stella2",2,"Πάτρα","Ναύπλιο","Honda Civic",15,"JUN",2024,14,"Επιτρέπεται το κάπνισμα",4,"ΟΧΙ"),
("giwrgos1",3,"Πάτρα","Ναύπλιο","Νissan almera",16,"JUN",2024,15,"Επιτρέπεται η μουσική,τα κατοικίδια",2,"ΟΧΙ"),
("vasiliki65",14,"Ναύπλιο","Πάτρα","Citroen C5",10,"JUN",2024,16,"Επιτρέπεται το κάπνισμα",3,"ΟΧΙ"),
("panos8",3,"Ναύπλιο","Πάτρα","Seat ibiza",11,"JUN",2024,14,"Επιτρέπεται το κάπνισμα",2,"ΟΧΙ"),
("fotis345",24,"Ναύπλιο","Πάτρα","Ford Focus",12,"JUN",2024,15,"Επιτρέπεται η μουσική,τα κατοικίδια",4,"ΟΧΙ"),
("maria12345",10,"Ναύπλιο","Πάτρα","Toyota Corolla",13,"JUN",2024,16,"Επιτρέπεται το κάπνισμα",2,"ΟΧΙ"),
("nikos12345",5,"Ναύπλιο","Πάτρα","Hyundai i20",14,"JUN",2024,14,"Επιτρέπεται η μουσική,τα κατοικίδια",2,"ΟΧΙ"),
("stella2",2,"Ναύπλιο","Πάτρα","Honda Civic",15,"JUN",2024,14,"Επιτρέπεται το κάπνισμα",3,"ΟΧΙ"),
("giwrgos1",3,"Ναύπλιο","Πάτρα","Νissan almera",16,"JUN",2024,15,"Επιτρέπεται η μουσική,τα κατοικίδια",3,"ΟΧΙ"),



("vasiliki65",5,"Πάτρα","Ιωάννινα","Peugeot 3008",10,"JUN",2024,18,"Επιτρέπεται το κάπνισμα",3,"ΝΑΙ"),
("panos8",10,"Πάτρα","Ιωάννινα","Mazda 3",11,"JUN",2024,15,"Επιτρέπεται η μουσική,τα κατοικίδια",2,"ΟΧΙ"),
("fotis345",20,"Πάτρα","Ιωάννινα","volkswagen Golf",12,"JUN",2024,17,"Επιτρέπεται το κάπνισμα",2,"ΝΑΙ"),
("maria12345",3,"Πάτρα","Ιωάννινα","Ford Focus",13,"JUN",2024,16,"Δεν επιτρέπεται το κάπνισμα",3,"ΟΧΙ"),
("nikos12345",25,"Πάτρα","Ιωάννινα","Citroen C3",14,"JUN",2024,19,"Επιτρέπεται το κάπνισμα",1,"ΝΑΙ"),
("stella2",11,"Πάτρα","Ιωάννινα","BMW X1",15,"JUN",2024,22,"Δεν επιτρέπεται το κάπνισμα",3,"ΟΧΙ"),
("giwrgos1",30,"Πάτρα","Ιωάννινα","Toyota Corolla",16,"JUN",2024,15,"Επιτρέπεται το κάπνισμα",3,"ΝΑΙ"),
("vasiliki65",2,"Ιωάννινα","Πάτρα","Peugeot 208",10,"JUN",2024,17,"Επιτρέπεται το κάπνισμα",3,"ΝΑΙ"),
("panos8",18,"Ιωάννινα","Πάτρα","Mazda 2",11,"JUN",2024,16,"Επιτρέπεται η μουσική,τα κατοικίδια",2,"ΟΧΙ"),
("fotis345",20,"Ιωάννινα","Πάτρα","volkswagen Polo",12,"JUN",2024,18,"Επιτρέπεται το κάπνισμα",2,"ΝΑΙ"),
("maria12345",7,"Ιωάννινα","Πάτρα","Ford Fiesta",13,"JUN",2024,13,"Δεν επιτρέπεται το κάπνισμα",3,"ΟΧΙ"),
("nikos12345",25,"Ιωάννινα","Πάτρα","Honda Civic",14,"JUN",2024,19,"Επιτρέπεται το κάπνισμα",1,"ΝΑΙ"),
("stella2",5,"Ιωάννινα","Πάτρα","BMW I8",15,"JUN",2024,50,"Δεν επιτρέπεται το κάπνισμα",1,"ΟΧΙ"),
("giwrgos1",21,"Ιωάννινα","Πάτρα","Toyota yaris",16,"JUN",2024,17,"Επιτρέπεται το κάπνισμα",3,"ΝΑΙ"),





("vasiliki65",8,"Πάτρα","Ηράκλειο Κρήτη","Ford Focus",10,"JUN",2024,27,"Επιτρέπεται η μουσική,τα κατοικίδια",1,"ΟΧΙ"),
("panos8",7,"Πάτρα","Ηράκλειο Κρήτη","Toyota Yaris",11,"JUN",2024,25,"Επιτρέπεται το κάπνισμα",3,"ΝΑΙ"),
("fotis345",19,"Πάτρα","Ηράκλειο Κρήτη","Peugeot 2008",12,"JUN",2024,26,"Επιτρέπεται η μουσική,τα κατοικίδια",1,"ΟΧΙ"),
("maria12345",22,"Πάτρα","Ηράκλειο Κρήτη","Nissan Qashqai",13,"JUN",2024,24,"Επιτρέπεται η μουσική,τα κατοικίδια",1,"ΟΧΙ"),
("nikos12345",2,"Πάτρα","Ηράκλειο Κρήτη","Seat Leon",14,"JUN",2024,22,"Επιτρέπεται το κάπνισμα",3,"ΝΑΙ"),
("stella2",9,"Πάτρα","Ηράκλειο Κρήτη","BMW X1",15,"JUN",2024,30,"Επιτρέπεται η μουσική,τα κατοικίδια",1,"ΟΧΙ"),
("giwrgos1",40,"Πάτρα","Ηράκλειο Κρήτη","Suzuki Swift",16,"JUN",2024,23,"Επιτρέπεται η μουσική,τα κατοικίδια",1,"ΟΧΙ"),
("vasiliki65",20,"Ηράκλειο Κρήτη","Πάτρα","Toyota Corolla",10,"JUN",2024,26,"Δεν επιτρέπεται το κάπνισμα και τα κατοικίδια",3,"ΝΑΙ"),
("panos8",12,"Ηράκλειο Κρήτη","Πάτρα","volkswagen Golf",11,"JUN",2024,29,"Επιτρέπεται η μουσική,τα κατοικίδια",3,"ΝΑΙ"),
("fotis345",15,"Ηράκλειο Κρήτη","Πάτρα","Ford Focus",12,"JUN",2024,24,"Δεν επιτρέπεται το κάπνισμα και τα κατοικίδια",3,"ΟΧΙ"),
("maria12345",6,"Ηράκλειο Κρήτη","Πάτρα","Lancia Ypsilon",13,"JUN",2024,26,"Επιτρέπεται η μουσική,τα κατοικίδια",3,"ΝΑΙ"),
("nikos12345",2,"Ηράκλειο Κρήτη","Πάτρα","Audi A3",14,"JUN",2024,30,"Δεν επιτρέπεται το κάπνισμα και τα κατοικίδια",3,"ΟΧΙ"),
("stella2",18,"Ηράκλειο Κρήτη","Πάτρα","Hyundai i20",15,"JUN",2024,28,"Δεν επιτρέπεται το κάπνισμα και τα κατοικίδια",3,"ΝΑΙ"),
("giwrgos1",26,"Ηράκλειο Κρήτη","Πάτρα","Honda Jazz",16,"JUN",2024,25,"Επιτρέπεται η μουσική,τα κατοικίδια",3,"ΟΧΙ"),



("vasiliki65",4,"Πάτρα","Λαμία","Mercedes-Benz CLK55",10,"JUN",2024,12,"Επιτρέπεται η μουσική",1,"ΟΧΙ"),
("panos8",5,"Πάτρα","Λαμία","Mercedes-Benz CLK200",11,"JUN",2024,11,"Δεν επιτρέπεται το κάπνισμα και τα κατοικίδια",2,"ΝΑΙ"),
("fotis345",15,"Πάτρα","Λαμία","Porsche cayenne",12,"JUN",2024,16,"Επιτρέπεται η μουσική,τα κατοικίδια",3,"ΟΧΙ"),
("maria12345",22,"Πάτρα","Λαμία","Ford Fiesta",13,"JUN",2024,9,"Επιτρέπεται η μουσική",1,"ΟΧΙ"),
("nikos12345",12,"Πάτρα","Λαμία","Toyota Corolla",14,"JUN",2024,8,"Δεν επιτρέπεται το κάπνισμα και τα κατοικίδια",2,"ΝΑΙ"),
("stella2",1,"Πάτρα","Λαμία","Seat Ibiza",15,"JUN",2024,8,"Επιτρέπεται η μουσική,τα κατοικίδια",3,"ΟΧΙ"),
("giwrgos1",25,"Πάτρα","Λαμία","Tesla model 3",16,"JUN",2024,10,"Δεν επιτρέπεται η μουσική,τα κατοικίδια",3,"ΟΧΙ"),
("vasiliki65",9,"Λαμία","Πάτρα","Peugeot 2008",10,"JUN",2024,11,"Δεν επιτρέπεται το κάπνισμα και τα κατοικίδια",1,"ΝΑΙ"),
("panos8",7,"Λαμία","Πάτρα","Porsche 911",11,"JUN",2024,18,"Επιτρέπεται η μουσική,τα κατοικίδια",1,"ΟΧΙ"),
("fotis345",14,"Λαμία","Πάτρα","Ford Focus",12,"JUN",2024,9,"Δεν επιτρέπεται το κάπνισμα και τα κατοικίδια",1,"ΝΑΙ"),
("maria12345",22,"Λαμία","Πάτρα","Honda Civic",13,"JUN",2024,10,"Επιτρέπεται η μουσική,τα κατοικίδια",2,"ΟΧΙ"),
("nikos12345",31,"Λαμία","Πάτρα","Toyota Aygo",14,"JUN",2024,9,"Δεν επιτρέπεται το κάπνισμα και τα κατοικίδια",1,"ΝΑΙ"),
("stella2",2,"Λαμία","Πάτρα","Mazda 2",15,"JUN",2024,11,"Επιτρέπεται η μουσική,τα κατοικίδια",2,"ΟΧΙ"),
("giwrgos1",4,"Λαμία","Πάτρα","BMW X1",16,"JUN",2024,14,"Επιτρέπεται η μουσική,τα κατοικίδια",2,"ΟΧΙ");


INSERT INTO cars VALUES
("Citroen C3","Αγίας Σοφίας 23","AutoRent","6923456712",10,"JUN",2024,13,"Βενζίνη","5lt/100","Euro 4",140,5),
("Audi A3","Αγίας Σοφίας 23","AutoRent","6923456712",10,"JUN",2024,25,"Βενζίνη","7lt/100","Euro 6",200,5),
("Alfa Romeo","Αγίας Σοφίας 23","AutoRent","6923456712",10,"JUN",2024,15,"Βενζίνη","5lt/100","Euro 5",160,5),
("Nissan qashqai","Αγίας Σοφίας 23","AutoRent","6923456712",10,"JUN",2024,14,"Πετρέλαιο","6lt/100","Euro 6",160,6),
("Citroen C3","Αγίας Σοφίας 23","AutoRent","6923456712",11,"JUN",2024,13,"Βενζίνη","5lt/100","Euro 4",140,5),
("Audi A3","Αγίας Σοφίας 23","AutoRent","6923456712",11,"JUN",2024,25,"Βενζίνη","7lt/100","Euro 6",200,5),
("Alfa Romeo","Αγίας Σοφίας 23","AutoRent","6923456712",11,"JUN",2024,15,"Βενζίνη","5lt/100","Euro 5",160,5),
("Nissan qashqai","Αγίας Σοφίας 23","AutoRent","6923456712",11,"JUN",2024,14,"Πετρέλαιο","6lt/100","Euro 6",160,6),
("Citroen C3","Αγίας Σοφίας 23","AutoRent","6923456712",12,"JUN",2024,13,"Βενζίνη","5lt/100","Euro 4",140,5),
("Audi A3","Αγίας Σοφίας 23","AutoRent","6923456712",12,"JUN",2024,25,"Βενζίνη","7lt/100","Euro 6",200,5),
("Alfa Romeo","Αγίας Σοφίας 23","AutoRent","6923456712",12,"JUN",2024,15,"Βενζίνη","5lt/100","Euro 5",160,5),
("Nissan qashqai","Αγίας Σοφίας 23","AutoRent","6923456712",12,"JUN",2024,14,"Πετρέλαιο","6lt/100","Euro 6",160,6),
("Citroen C3","Αγίας Σοφίας 23","AutoRent","6923456712",13,"JUN",2024,13,"Βενζίνη","5lt/100","Euro 4",140,5),
("Audi A3","Αγίας Σοφίας 23","AutoRent","6923456712",13,"JUN",2024,25,"Βενζίνη","7lt/100","Euro 6",200,5),
("Alfa Romeo","Αγίας Σοφίας 23","AutoRent","6923456712",13,"JUN",2024,15,"Βενζίνη","5lt/100","Euro 5",160,5),
("Nissan qashqai","Αγίας Σοφίας 23","AutoRent","6923456712",13,"JUN",2024,14,"Πετρέλαιο","6lt/100","Euro 6",160,6),
("Citroen C3","Αγίας Σοφίας 23","AutoRent","6923456712",14,"JUN",2024,13,"Βενζίνη","5lt/100","Euro 4",140,5),
("Audi A3","Αγίας Σοφίας 23","AutoRent","6923456712",14,"JUN",2024,25,"Βενζίνη","7lt/100","Euro 6",200,5),
("Alfa Romeo","Αγίας Σοφίας 23","AutoRent","6923456712",14,"JUN",2024,15,"Βενζίνη","5lt/100","Euro 5",160,5),
("Nissan qashqai","Αγίας Σοφίας 23","AutoRent","6923456712",14,"JUN",2024,14,"Πετρέλαιο","6lt/100","Euro 6",160,6),
("Citroen C3","Αγίας Σοφίας 23","AutoRent","6923456712",15,"JUN",2024,13,"Βενζίνη","5lt/100","Euro 4",140,5),
("Audi A3","Αγίας Σοφίας 23","AutoRent","6923456712",15,"JUN",2024,25,"Βενζίνη","7lt/100","Euro 6",200,5),
("Alfa Romeo","Αγίας Σοφίας 23","AutoRent","6923456712",15,"JUN",2024,15,"Βενζίνη","5lt/100","Euro 5",160,5),
("Nissan qashqai","Αγίας Σοφίας 23","AutoRent","6923456712",15,"JUN",2024,14,"Πετρέλαιο","6lt/100","Euro 6",160,6),
("Citroen C3","Αγίας Σοφίας 23","AutoRent","6923456712",16,"JUN",2024,13,"Βενζίνη","5lt/100","Euro 4",140,5),
("Audi A3","Αγίας Σοφίας 23","AutoRent","6923456712",16,"JUN",2024,25,"Βενζίνη","7lt/100","Euro 6",200,5),
("Alfa Romeo","Αγίας Σοφίας 23","AutoRent","6923456712",16,"JUN",2024,15,"Βενζίνη","5lt/100","Euro 5",160,5),
("Nissan qashqai","Αγίας Σοφίας 23","AutoRent","6923456712",16,"JUN",2024,14,"Πετρέλαιο","6lt/100","Euro 6",160,6),



("Ford Focus","Αγίου Ανδρέου 10","TrustRentals","6934981267",10,"JUN",2024,14,"Βενζίνη","5lt/100","Euro 5",160,5),
("BMW X1","Αγίου Ανδρέου 10","TrustRentals","6934981267",10,"JUN",2024,25,"Βενζίνη","9lt/100","Euro 6",220,5),
("Toyota Corolla","Αγίου Ανδρέου 10","TrustRentals","6934981267",10,"JUN",2024,15,"Βενζίνη","6lt/100","Euro 5",160,5),
("Nissan micra","Αγίου Ανδρέου 10","TrustRentals","6934981267",10,"JUN",2024,14,"Πετρέλαιο","4lt/100","Euro 6",130,6),
("Ford Focus","Αγίου Ανδρέου 10","TrustRentals","6934981267",11,"JUN",2024,14,"Βενζίνη","5lt/100","Euro 5",160,5),
("BMW X1","Αγίου Ανδρέου 10","TrustRentals","6934981267",11,"JUN",2024,25,"Βενζίνη","9lt/100","Euro 6",220,5),
("Toyota Corolla","Αγίου Ανδρέου 10","TrustRentals","6934981267",11,"JUN",2024,15,"Βενζίνη","6lt/100","Euro 5",160,5),
("Nissan micra","Αγίου Ανδρέου 10","TrustRentals","6934981267",11,"JUN",2024,14,"Πετρέλαιο","4lt/100","Euro 6",130,6),
("Ford Focus","Αγίου Ανδρέου 10","TrustRentals","6934981267",12,"JUN",2024,14,"Βενζίνη","5lt/100","Euro 5",160,5),
("BMW X1","Αγίου Ανδρέου 10","TrustRentals","6934981267",12,"JUN",2024,25,"Βενζίνη","9lt/100","Euro 6",220,5),
("Toyota Corolla","Αγίου Ανδρέου 10","TrustRentals","6934981267",12,"JUN",2024,15,"Βενζίνη","6lt/100","Euro 5",160,5),
("Nissan micra","Αγίου Ανδρέου 10","TrustRentals","6934981267",12,"JUN",2024,14,"Πετρέλαιο","4lt/100","Euro 6",130,6),
("Ford Focus","Αγίου Ανδρέου 10","TrustRentals","6934981267",13,"JUN",2024,14,"Βενζίνη","5lt/100","Euro 5",160,5),
("BMW X1","Αγίου Ανδρέου 10","TrustRentals","6934981267",13,"JUN",2024,25,"Βενζίνη","9lt/100","Euro 6",220,5),
("Toyota Corolla","Αγίου Ανδρέου 10","TrustRentals","6934981267",13,"JUN",2024,15,"Βενζίνη","6lt/100","Euro 5",160,5),
("Nissan micra","Αγίου Ανδρέου 10","TrustRentals","6934981267",13,"JUN",2024,14,"Πετρέλαιο","4lt/100","Euro 6",130,6),
("Ford Focus","Αγίου Ανδρέου 10","TrustRentals","6934981267",14,"JUN",2024,14,"Βενζίνη","5lt/100","Euro 5",160,5),
("BMW X1","Αγίου Ανδρέου 10","TrustRentals","6934981267",14,"JUN",2024,25,"Βενζίνη","9lt/100","Euro 6",220,5),
("Toyota Corolla","Αγίου Ανδρέου 10","TrustRentals","6934981267",14,"JUN",2024,15,"Βενζίνη","6lt/100","Euro 5",160,5),
("Nissan micra","Αγίου Ανδρέου 10","TrustRentals","6934981267",14,"JUN",2024,14,"Πετρέλαιο","4lt/100","Euro 6",130,6),
("Ford Focus","Αγίου Ανδρέου 10","TrustRentals","6934981267",15,"JUN",2024,14,"Βενζίνη","5lt/100","Euro 5",160,5),
("BMW X1","Αγίου Ανδρέου 10","TrustRentals","6934981267",15,"JUN",2024,25,"Βενζίνη","9lt/100","Euro 6",220,5),
("Toyota Corolla","Αγίου Ανδρέου 10","TrustRentals","6934981267",15,"JUN",2024,15,"Βενζίνη","6lt/100","Euro 5",160,5),
("Nissan micra","Αγίου Ανδρέου 10","TrustRentals","6934981267",15,"JUN",2024,14,"Πετρέλαιο","4lt/100","Euro 6",130,6),
("Ford Focus","Αγίου Ανδρέου 10","TrustRentals","6934981267",16,"JUN",2024,14,"Βενζίνη","5lt/100","Euro 5",160,5),
("BMW X1","Αγίου Ανδρέου 10","TrustRentals","6934981267",16,"JUN",2024,25,"Βενζίνη","9lt/100","Euro 6",220,5),
("Toyota Corolla","Αγίου Ανδρέου 10","TrustRentals","6934981267",16,"JUN",2024,15,"Βενζίνη","6lt/100","Euro 5",160,5),
("Nissan micra","Αγίου Ανδρέου 10","TrustRentals","6934981267",16,"JUN",2024,14,"Πετρέλαιο","4lt/100","Euro 6",130,6),



("Honda Civic","Κορίνθου 5","SafeRent","6988123456",10,"JUN",2024,17,"Βενζίνη","6.5lt/100","Euro 5",150,5),
("Audi Q1","Κορίνθου 5","SafeRent","6988123456",10,"JUN",2024,26,"Βενζίνη","10lt/100","Euro 5",210,5),
("Sean Leon","Κορίνθου 5","SafeRent","6988123456",10,"JUN",2024,15,"Βενζίνη","5lt/100","Euro 5",160,5),
("Smart","Κορίνθου 5","SafeRent","6988123456",10,"JUN",2024,14,"Ηλεκτρικο","3lt/100","electric",140,2),
("Honda Civic","Κορίνθου 5","SafeRent","6988123456",11,"JUN",2024,17,"Βενζίνη","6.5lt/100","Euro 5",150,5),
("Audi Q1","Κορίνθου 5","SafeRent","6988123456",11,"JUN",2024,26,"Βενζίνη","10lt/100","Euro 5",210,5),
("Sean Leon","Κορίνθου 5","SafeRent","6988123456",11,"JUN",2024,15,"Βενζίνη","5lt/100","Euro 5",160,5),
("Smart","Κορίνθου 5","SafeRent","6988123456",11,"JUN",2024,14,"Ηλεκτρικο","3lt/100","electric",140,2),
("Honda Civic","Κορίνθου 5","SafeRent","6988123456",12,"JUN",2024,17,"Βενζίνη","6.5lt/100","Euro 5",150,5),
("Audi Q1","Κορίνθου 5","SafeRent","6988123456",12,"JUN",2024,26,"Βενζίνη","10lt/100","Euro 5",210,5),
("Sean Leon","Κορίνθου 5","SafeRent","6988123456",12,"JUN",2024,15,"Βενζίνη","5lt/100","Euro 5",160,5),
("Smart","Κορίνθου 5","SafeRent","6988123456",12,"JUN",2024,14,"Ηλεκτρικο","3lt/100","electric",140,2),
("Honda Civic","Κορίνθου 5","SafeRent","6988123456",13,"JUN",2024,17,"Βενζίνη","6.5lt/100","Euro 5",150,5),
("Audi Q1","Κορίνθου 5","SafeRent","6988123456",13,"JUN",2024,26,"Βενζίνη","10lt/100","Euro 5",210,5),
("Sean Leon","Κορίνθου 5","SafeRent","6988123456",13,"JUN",2024,15,"Βενζίνη","5lt/100","Euro 5",160,5),
("Smart","Κορίνθου 5","SafeRent","6988123456",13,"JUN",2024,14,"Ηλεκτρικο","3lt/100","electric",140,2),
("Honda Civic","Κορίνθου 5","SafeRent","6988123456",14,"JUN",2024,17,"Βενζίνη","6.5lt/100","Euro 5",150,5),
("Audi Q1","Κορίνθου 5","SafeRent","6988123456",14,"JUN",2024,26,"Βενζίνη","10lt/100","Euro 5",210,5),
("Sean Leon","Κορίνθου 5","SafeRent","6988123456",14,"JUN",2024,15,"Βενζίνη","5lt/100","Euro 5",160,5),
("Smart","Κορίνθου 5","SafeRent","6988123456",14,"JUN",2024,14,"Ηλεκτρικο","3lt/100","electric",140,2),
("Honda Civic","Κορίνθου 5","SafeRent","6988123456",15,"JUN",2024,17,"Βενζίνη","6.5lt/100","Euro 5",150,5),
("Audi Q1","Κορίνθου 5","SafeRent","6988123456",15,"JUN",2024,26,"Βενζίνη","10lt/100","Euro 5",210,5),
("Sean Leon","Κορίνθου 5","SafeRent","6988123456",15,"JUN",2024,15,"Βενζίνη","5lt/100","Euro 5",160,5),
("Smart","Κορίνθου 5","SafeRent","6988123456",15,"JUN",2024,14,"Ηλεκτρικο","3lt/100","electric",140,2),
("Honda Civic","Κορίνθου 5","SafeRent","6988123456",16,"JUN",2024,17,"Βενζίνη","6.5lt/100","Euro 5",150,5),
("Audi Q1","Κορίνθου 5","SafeRent","6988123456",16,"JUN",2024,26,"Βενζίνη","10lt/100","Euro 5",210,5),
("Sean Leon","Κορίνθου 5","SafeRent","6988123456",16,"JUN",2024,15,"Βενζίνη","5lt/100","Euro 5",160,5),
("Smart","Κορίνθου 5","SafeRent","6988123456",16,"JUN",2024,14,"Ηλεκτρικο","3lt/100","electric",140,2);





INSERT INTO PickUpVehicle VALUES
("Αγίου Ανδρέου 50","9:00"),
("Αγίου Ανδρέου 50","10:00"),
("Αγίου Ανδρέου 50","11:00"),
("Αγίου Ανδρέου 50","12:00"),
("Αγίου Ανδρέου 50","13:00"),
("Αγίου Ανδρέου 50","14:00"),
("Αγίου Ανδρέου 50","15:00"),
("Αγίου Ανδρέου 50","16:00"),
("Αγίου Ανδρέου 50","17:00"),
("Αγίου Ανδρέου 50","18:00"),
("Αγίου Ανδρέου 50","19:00"),
("Αγίου Ανδρέου 50","20:00"),
("Αγίου Ανδρέου 50","21:00"),
("Κανακάρη 44","9:00"),
("Κανακάρη 44","10:00"),
("Κανακάρη 44","11:00"),
("Κανακάρη 44","12:00"),
("Κανακάρη 44","13:00"),
("Κανακάρη 44","14:00"),
("Κανακάρη 44","15:00"),
("Κανακάρη 44","16:00"),
("Κανακάρη 44","17:00"),
("Κανακάρη 44","18:00"),
("Κανακάρη 44","19:00"),
("Κανακάρη 44","20:00"),
("Κανακάρη 44","21:00"),
("Μαιζώνος 20","09:00"),
("Μαιζώνος 20","10:00"),
("Μαιζώνος 20","11:00"),
("Μαιζώνος 20","12:00"),
("Μαιζώνος 20","13:00"),
("Μαιζώνος 20","14:00"),
("Μαιζώνος 20","15:00"),
("Μαιζώνος 20","16:00"),
("Μαιζώνος 20","17:00"),
("Μαιζώνος 20","17:00"),
("Μαιζώνος 20","19:00"),
("Μαιζώνος 20","20:00"),
("Μαιζώνος 20","21:00");

/*
INSERT INTO Parking(name_parking, location_parking, date_parking, month_parking, year_parking, parking_cost_per_hour)
VALUES
("Parking1","Agias Sofias 23",10,"JUN",2024,5),
("Parking2","Agiou Andreou 10",10,"JUN",2024,3),
("Parking3","Kwnstantinoupwlews 60",10,"JUN",2024,4),
("Parking4","Korinthou 5",10,"JUN",2024,3),
("Parking5","Hrwwn Polytexniou 23",10,"JUN",2024,6),
("Parking1","Agias Sofias 23",11,"JUN",2024,5),
("Parking2","Agiou Andreou 10",11,"JUN",2024,3),
("Parking3","Kwnstantinoupwlews 60",11,"JUN",2024,4),
("Parking4","Korinthou 5",11,"JUN",2024,3),
("Parking5","Hrwwn Polytexniou 23",11,"JUN",2024,6),
("Parking1","Agias Sofias 23",12,"JUN",2024,5),
("Parking2","Agiou Andreou 10",12,"JUN",2024,3),
("Parking3","Kwnstantinoupwlews 60",12,"JUN",2024,4),
("Parking4","Korinthou 5",12,"JUN",2024,3),
("Parking5","Hrwwn Polytexniou 23",12,"JUN",2024,6),
("Parking1","Agias Sofias 23",13,"JUN",2024,5),
("Parking2","Agiou Andreou 10",13,"JUN",2024,3),
("Parking3","Kwnstantinoupwlews 60",13,"JUN",2024,4),
("Parking4","Korinthou 5",13,"JUN",2024,3),
("Parking5","Hrwwn Polytexniou 23",13,"JUN",2024,6),
("Parking1","Agias Sofias 23",14,"JUN",2024,5),
("Parking2","Agiou Andreou 10",14,"JUN",2024,3),
("Parking3","Kwnstantinoupwlews 60",14,"JUN",2024,4),
("Parking4","Korinthou 5",14,"JUN",2024,3),
("Parking5","Hrwwn Polytexniou 23",14,"JUN",2024,6),
("Parking1","Agias Sofias 23",15,"JUN",2024,5),
("Parking2","Agiou Andreou 10",15,"JUN",2024,3),
("Parking3","Kwnstantinoupwlews 60",15,"JUN",2024,4),
("Parking4","Korinthou 5",15,"JUN",2024,3),
("Parking5","Hrwwn Polytexniou 23",15,"JUN",2024,6),
("Parking1","Agias Sofias 23",16,"JUN",2024,5),
("Parking2","Agiou Andreou 10",16,"JUN",2024,3),
("Parking3","Kwnstantinoupwlews 60",16,"JUN",2024,4),
("Parking4","Korinthou 5",16,"JUN",2024,3),
("Parking5","Hrwwn Polytexniou 23",16,"JUN",2024,6),

("Parking1","Agias Sofias 23",17,"JUN",2024,5),
("Parking2","Agiou Andreou 10",17,"JUN",2024,3),
("Parking3","Kwnstantinoupwlews 60",17,"JUN",2024,4),
("Parking4","Korinthou 5",17,"JUN",2024,3),
("Parking5","Hrwwn Polytexniou 23",17,"JUN",2024,6),
("Parking1","Agias Sofias 23",18,"JUN",2024,5),
("Parking2","Agiou Andreou 10",18,"JUN",2024,3),
("Parking3","Kwnstantinoupwlews 60",18,"JUN",2024,4),
("Parking4","Korinthou 5",18,"JUN",2024,3),
("Parking5","Hrwwn Polytexniou 23",18,"JUN",2024,6),
("Parking1","Agias Sofias 23",19,"JUN",2024,5),
("Parking2","Agiou Andreou 10",19,"JUN",2024,3),
("Parking3","Kwnstantinoupwlews 60",19,"JUN",2024,4),
("Parking4","Korinthou 5",19,"JUN",2024,3),
("Parking5","Hrwwn Polytexniou 23",19,"JUN",2024,6),
("Parking1","Agias Sofias 23",20,"JUN",2024,5),
("Parking2","Agiou Andreou 10",20,"JUN",2024,3),
("Parking3","Kwnstantinoupwlews 60",20,"JUN",2024,4),
("Parking4","Korinthou 5",20,"JUN",2024,3),
("Parking5","Hrwwn Polytexniou 23",20,"JUN",2024,6),
("Parking1","Agias Sofias 23",21,"JUN",2024,5),
("Parking2","Agiou Andreou 10",21,"JUN",2024,3),
("Parking3","Kwnstantinoupwlews 60",21,"JUN",2024,4),
("Parking4","Korinthou 5",21,"JUN",2024,3),
("Parking5","Hrwwn Polytexniou 23",21,"JUN",2024,6),
("Parking1","Agias Sofias 23",22,"JUN",2024,5),
("Parking2","Agiou Andreou 10",22,"JUN",2024,3),
("Parking3","Kwnstantinoupwlews 60",22,"JUN",2024,4),
("Parking4","Korinthou 5",22,"JUN",2024,3),
("Parking5","Hrwwn Polytexniou 23",22,"JUN",2024,6),
("Parking1","Agias Sofias 23",23,"JUN",2024,5),
("Parking2","Agiou Andreou 10",23,"JUN",2024,3),
("Parking3","Kwnstantinoupwlews 60",23,"JUN",2024,4),
("Parking4","Korinthou 5",23,"JUN",2024,3),
("Parking5","Hrwwn Polytexniou 23",23,"JUN",2024,6);*/


/*INSERT INTO Parking (name_parking, location_parking, max_number_seat_parking, remaining_parking_spaces, parking_cost_per_hour, date_parking, available_times)
VALUES 
    ('Parking1', 'Αγίας Σοφίας', 20, 15, 3, '2024-06-01', '08:00-09:00,09:00-10:00,10:00-11:00,11:00-12:00,12:00-13:00,13:00-14:00,14:00-15:00,15:00-16:00,16:00-17:00,17:00-18:00,18:00-19:00,19:00-20:00,20:00-21:00,21:00-22:00,22:00-23:00,23:00-00:00'),
    ('Parking2', 'Αγίας Σοφίας', 15, 10, 2, '2024-06-01', '08:00-09:00,09:00-10:00,10:00-11:00,11:00-12:00,12:00-13:00,13:00-14:00,14:00-15:00,15:00-16:00,16:00-17:00,17:00-18:00,18:00-19:00,19:00-20:00,20:00-21:00,21:00-22:00,22:00-23:00,23:00-00:00'),
    ('Parking3', 'Αγίας Σοφίας', 10, 5, 4, '2024-06-01', '08:00-09:00,09:00-10:00,10:00-11:00,11:00-12:00,12:00-13:00,13:00-14:00,14:00-15:00,15:00-16:00,16:00-17:00,17:00-18:00,18:00-19:00,19:00-20:00,20:00-21:00,21:00-22:00,22:00-23:00,23:00-00:00');
*/




/*
("Parking1","Άγιος Αλέξιος",11,"JUN",2024,5),
("Parking2","Άγιος Αλέξιος",11,"JUN",2024,3),
("Parking3","Άγιος Αλέξιος",11,"JUN",2024,4),
("Parking4","Άγιος Αλέξιος",11,"JUN",2024,3),
("Parking5","Άγιος Αλέξιος",11,"JUN",2024,6),

("Parking1","Agias Sofias 23",12,"JUN",2024,5),
("Parking2","Agiou Andreou 10",12,"JUN",2024,3),
("Parking3","Kwnstantinoupwlews 60",12,"JUN",2024,4),
("Parking4","Korinthou 5",12,"JUN",2024,3),
("Parking5","Hrwwn Polytexniou 23",12,"JUN",2024,6),
("Parking1","Agias Sofias 23",13,"JUN",2024,5),
("Parking2","Agiou Andreou 10",13,"JUN",2024,3),
("Parking3","Kwnstantinoupwlews 60",13,"JUN",2024,4),
("Parking4","Korinthou 5",13,"JUN",2024,3),
("Parking5","Hrwwn Polytexniou 23",13,"JUN",2024,6),
("Parking1","Agias Sofias 23",14,"JUN",2024,5),
("Parking2","Agiou Andreou 10",14,"JUN",2024,3),
("Parking3","Kwnstantinoupwlews 60",14,"JUN",2024,4),
("Parking4","Korinthou 5",14,"JUN",2024,3),
("Parking5","Hrwwn Polytexniou 23",14,"JUN",2024,6),
("Parking1","Agias Sofias 23",15,"JUN",2024,5),
("Parking2","Agiou Andreou 10",15,"JUN",2024,3),
("Parking3","Kwnstantinoupwlews 60",15,"JUN",2024,4),
("Parking4","Korinthou 5",15,"JUN",2024,3),
("Parking5","Hrwwn Polytexniou 23",15,"JUN",2024,6),
("Parking1","Agias Sofias 23",16,"JUN",2024,5),
("Parking2","Agiou Andreou 10",16,"JUN",2024,3),
("Parking3","Kwnstantinoupwlews 60",16,"JUN",2024,4),
("Parking4","Korinthou 5",16,"JUN",2024,3),
("Parking5","Hrwwn Polytexniou 23",16,"JUN",2024,6),

("Parking1","Agias Sofias 23",17,"JUN",2024,5),
("Parking2","Agiou Andreou 10",17,"JUN",2024,3),
("Parking3","Kwnstantinoupwlews 60",17,"JUN",2024,4),
("Parking4","Korinthou 5",17,"JUN",2024,3),
("Parking5","Hrwwn Polytexniou 23",17,"JUN",2024,6),
("Parking1","Agias Sofias 23",18,"JUN",2024,5),
("Parking2","Agiou Andreou 10",18,"JUN",2024,3),
("Parking3","Kwnstantinoupwlews 60",18,"JUN",2024,4),
("Parking4","Korinthou 5",18,"JUN",2024,3),
("Parking5","Hrwwn Polytexniou 23",18,"JUN",2024,6),
("Parking1","Agias Sofias 23",19,"JUN",2024,5),
("Parking2","Agiou Andreou 10",19,"JUN",2024,3),
("Parking3","Kwnstantinoupwlews 60",19,"JUN",2024,4),
("Parking4","Korinthou 5",19,"JUN",2024,3),
("Parking5","Hrwwn Polytexniou 23",19,"JUN",2024,6),
("Parking1","Agias Sofias 23",20,"JUN",2024,5),
("Parking2","Agiou Andreou 10",20,"JUN",2024,3),
("Parking3","Kwnstantinoupwlews 60",20,"JUN",2024,4),
("Parking4","Korinthou 5",20,"JUN",2024,3),
("Parking5","Hrwwn Polytexniou 23",20,"JUN",2024,6),
("Parking1","Agias Sofias 23",21,"JUN",2024,5),
("Parking2","Agiou Andreou 10",21,"JUN",2024,3),
("Parking3","Kwnstantinoupwlews 60",21,"JUN",2024,4),
("Parking4","Korinthou 5",21,"JUN",2024,3),
("Parking5","Hrwwn Polytexniou 23",21,"JUN",2024,6),
("Parking1","Agias Sofias 23",22,"JUN",2024,5),
("Parking2","Agiou Andreou 10",22,"JUN",2024,3),
("Parking3","Kwnstantinoupwlews 60",22,"JUN",2024,4),
("Parking4","Korinthou 5",22,"JUN",2024,3),
("Parking5","Hrwwn Polytexniou 23",22,"JUN",2024,6),
("Parking1","Agias Sofias 23",23,"JUN",2024,5),
("Parking2","Agiou Andreou 10",23,"JUN",2024,3),
("Parking3","Kwnstantinoupwlews 60",23,"JUN",2024,4),
("Parking4","Korinthou 5",23,"JUN",2024,3),
("Parking5","Hrwwn Polytexniou 23",23,"JUN",2024,6);*/


/*
INSERT INTO CarWash VALUES
("CarWash1","Agias Sofias 60",10,"JUN",2024,7),
("CarWash2","Agiou Andreou 20",10,"JUN",2024,8),
("CarWash3","Kwnstantinoupwlews 123",10,"JUN",2024,7),
("CarWash4","Korinthou 56",10,"JUN",2024,6),
("CarWash5","Hrwwn Polytexniou 87",10,"JUN",2024,9),
("CarWash1","Agias Sofias 60",11,"JUN",2024,7),
("CarWash2","Agiou Andreou 20",11,"JUN",2024,8),
("CarWash3","Kwnstantinoupwlews 123",11,"JUN",2024,7),
("CarWash4","Korinthou 56",11,"JUN",2024,6),
("CarWash5","Hrwwn Polytexniou 87",11,"JUN",2024,9),
("CarWash1","Agias Sofias 60",12,"JUN",2024,7),
("CarWash2","Agiou Andreou 20",12,"JUN",2024,8),
("CarWash3","Kwnstantinoupwlews 123",12,"JUN",2024,7),
("CarWash4","Korinthou 56",12,"JUN",2024,6),
("CarWash5","Hrwwn Polytexniou 87",12,"JUN",2024,9),
("CarWash1","Agias Sofias 60",13,"JUN",2024,7),
("CarWash2","Agiou Andreou 20",13,"JUN",2024,8),
("CarWash3","Kwnstantinoupwlews 123",13,"JUN",2024,7),
("CarWash4","Korinthou 56",13,"JUN",2024,6),
("CarWash5","Hrwwn Polytexniou 87",13,"JUN",2024,9),
("CarWash1","Agias Sofias 60",14,"JUN",2024,7),
("CarWash2","Agiou Andreou 20",14,"JUN",2024,8),
("CarWash3","Kwnstantinoupwlews 123",14,"JUN",2024,7),
("CarWash4","Korinthou 56",14,"JUN",2024,6),
("CarWash5","Hrwwn Polytexniou 87",14,"JUN",2024,9),
("CarWash1","Agias Sofias 60",15,"JUN",2024,7),
("CarWash2","Agiou Andreou 20",15,"JUN",2024,8),
("CarWash3","Kwnstantinoupwlews 123",15,"JUN",2024,7),
("CarWash4","Korinthou 56",15,"JUN",2024,6),
("CarWash5","Hrwwn Polytexniou 87",15,"JUN",2024,9),
("CarWash1","Agias Sofias 60",16,"JUN",2024,7),
("CarWash2","Agiou Andreou 20",16,"JUN",2024,8),
("CarWash3","Kwnstantinoupwlews 123",16,"JUN",2024,7),
("CarWash4","Korinthou 56",16,"JUN",2024,6),
("CarWash5","Hrwwn Polytexniou 87",16,"JUN",2024,9),

("CarWash1","Agias Sofias 60",17,"JUN",2024,7),
("CarWash2","Agiou Andreou 20",17,"JUN",2024,8),
("CarWash3","Kwnstantinoupwlews 123",17,"JUN",2024,7),
("CarWash4","Korinthou 56",17,"JUN",2024,6),
("CarWash5","Hrwwn Polytexniou 87",17,"JUN",2024,9),
("CarWash1","Agias Sofias 60",18,"JUN",2024,7),
("CarWash2","Agiou Andreou 20",18,"JUN",2024,8),
("CarWash3","Kwnstantinoupwlews 123",18,"JUN",2024,7),
("CarWash4","Korinthou 56",18,"JUN",2024,6),
("CarWash5","Hrwwn Polytexniou 87",18,"JUN",2024,9),
("CarWash1","Agias Sofias 60",19,"JUN",2024,7),
("CarWash2","Agiou Andreou 20",19,"JUN",2024,8),
("CarWash3","Kwnstantinoupwlews 123",19,"JUN",2024,7),
("CarWash4","Korinthou 56",19,"JUN",2024,6),
("CarWash5","Hrwwn Polytexniou 87",19,"JUN",2024,9),
("CarWash1","Agias Sofias 60",20,"JUN",2024,7),
("CarWash2","Agiou Andreou 20",20,"JUN",2024,8),
("CarWash3","Kwnstantinoupwlews 123",20,"JUN",2024,7),
("CarWash4","Korinthou 56",20,"JUN",2024,6),
("CarWash5","Hrwwn Polytexniou 87",20,"JUN",2024,9),
("CarWash1","Agias Sofias 60",21,"JUN",2024,7),
("CarWash2","Agiou Andreou 20",21,"JUN",2024,8),
("CarWash3","Kwnstantinoupwlews 123",21,"JUN",2024,7),
("CarWash4","Korinthou 56",21,"JUN",2024,6),
("CarWash5","Hrwwn Polytexniou 87",21,"JUN",2024,9),
("CarWash1","Agias Sofias 60",22,"JUN",2024,7),
("CarWash2","Agiou Andreou 20",22,"JUN",2024,8),
("CarWash3","Kwnstantinoupwlews 123",22,"JUN",2024,7),
("CarWash4","Korinthou 56",22,"JUN",2024,6),
("CarWash5","Hrwwn Polytexniou 87",22,"JUN",2024,9),
("CarWash1","Agias Sofias 60",23,"JUN",2024,7),
("CarWash2","Agiou Andreou 20",23,"JUN",2024,8),
("CarWash3","Kwnstantinoupwlews 123",23,"JUN",2024,7),
("CarWash4","Korinthou 56",23,"JUN",2024,6),
("CarWash5","Hrwwn Polytexniou 87",23,"JUN",2024,9);
*/

INSERT INTO WalletProfileUser (username_wallet, money_account)
VALUES ('dimitris12', 10),
       ('maria12345', 220),
       ('nikos12345', 345),
       ('giwrgos1', 45),
       ('stella2', 58),
       ('panos8', 611),
       ('vasiliki65', 74),
       ('fotis345', 85),
       ('eleni541', 99),
       
       ('maria23456', 100),
       ('kostas43', 230),
       ('giorgos32', 140),
       ('margarita555', 260),
       ('dionysia23', 578),
       ('Vasilis33', 632),
       ('akis76', 425),
       ('kyriakos1', 830),
       ('petros34',425),
       ('ioannis123',200);

INSERT INTO Paypal VALUES
('dimitris12','dimitris12@gmail.com','a',10000),
('maria12345','maria12345@hotmail.com','b',100),
('nikos12345','nikos12345@gmail.com','c',10),
('stella2','stella2@gmail.gr','d',50),
('giwrgos1','giwrgos1@gmail.gr','e',3000),
('panos8','panos8@hotmail.com','f',1000),
('vasiliki65','vasiliki65@gmail.com','g',20),
('fotis345','fotis345@gmail.gr','h',5),
('eleni541','eleni541@hotmail.com','i',50),
('maria23456','stella2@gmail.gr','j',50000),
('kostas43','kostas43@gmail.com','k',1000000),
('giorgos32','giorgos32@hotmail.com','l',2),
('margarita555','margarita555@gmail.gr','m',50),
('dionysia23','dionysia23@hotmail.com','n',100),
('Vasilis33','Vasilis33@hotmail.com','o',999),
('akis76','akis76@hotmail.com','o',77),	
('dionysia23','dionysia23@hotmail.com','o',101),
('petros34','petros34@gmail.com','o',9),
('ioannis123','ioannis123@gmail.com','o',320949032896);
      
      
	
       
       
       
       
INSERT INTO PaysafeCard VALUES
(1111111111111111,10),
(2222222222222222,20),
(3333333333333333,30),
(4444444444444444,40),
(5555555555555555,50),
(6666666666666666,60),
(7777777777777777,70),
(8888888888888888,80),
(9999999999999999,90),
(1111111111111112,100),
(2222222222222223,150),
(3333333333333334,200),
(4444444444444445,250),
(5555555555555556,300),
(6666666666666667,350),
(7777777777777778,400),
(8888888888888889,450),
(9999999999999991,500),
(5555555555555552,600),
(6666666666666661,700),
(7777777777777772,800),
(8888888888888881,900),
(9999999999999992,1000);


INSERT INTO service_price (username_owner, service_name, current_price, area) VALUES 
('dionysia23', 'Parking', '4.00', 'Αγίος Διονύσιος'),
('dionysia23', 'Window Cleaning', '2.00', 'Αγίος Διονύσιος'),
('dionysia23', 'Car Maintenance', '7.00', 'Αγίος Διονύσιος');

INSERT INTO service_price (username_owner, service_name, current_price, area) VALUES 
('Vasilis33', 'House Cleaning', '6.00', 'Κωνσταντινουπώλεως'),
('Vasilis33', 'Window Cleaning', '8.00', 'Αγίος Διονύσιος'),
('Vasilis33', 'Window Repairs', '5.00', 'Κωνσταντινουπώλεως');

INSERT INTO service_price (username_owner, service_name, current_price, area) VALUES 
('akis76', 'Landscaping', '1.00', 'αγιος γεώργιος'),
('akis76', 'Car Waxing', '2.00', 'αγιος γεώργιος'),
('akis76', 'Window Repairs', '3.00', 'Κωνσταντινουπώλεως');

INSERT INTO service_price (username_owner, service_name, current_price, area) VALUES 
('kyriakos1', 'Car Repairs', '7.00', 'Ακρωτηρίου'),
('kyriakos1', 'Car Waxing', '4.00', 'αγιος γεώργιος'),
('kyriakos1', 'Electrical Work', '6.00', 'Ακρωτηρίου');

INSERT INTO service_price (username_owner, service_name, current_price, area) VALUES 
('petros34', 'Appliance Repair', '2.00', 'Αγίου Αλεξίου'),
('petros34', 'Gardening', '5.00', 'Αγίου Αλεξίου'),
('petros34', 'Electrical Work', '1.00', 'Ακρωτηρίου');

INSERT INTO service_price (username_owner, service_name, current_price, area) VALUES 
('ioannis123', 'Car Wash', '5.00', 'Αγίου Ανδρέα'),
('ioannis123', 'Pest Control', '6.00', 'Αγίου Ανδρέα'),
('ioannis123', 'Roofing', '3.00', 'Αγίου Ανδρέα');
